<?xml version="1.0" encoding="utf-8"?>
<ArrayOfPerson xmlns:xsi="http://www.w3.org/2001/XMLSchema-instance" xmlns:xsd="http://www.w3.org/2001/XMLSchema">
  <Person>
    <FirstName>Никита</FirstName>
    <LastName>Гладких</LastName>
    <Grades>
      <int>5</int>
      <int>5</int>
      <int>5</int>
      <int>5</int>
      <int>5</int>
    </Grades>
  </Person>
  <Person>
    <FirstName>Никита</FirstName>
    <LastName>Алябьев</LastName>
    <Grades>
      <int>3</int>
      <int>5</int>
      <int>4</int>
      <int>5</int>
      <int>4</int>
    </Grades>
  </Person>
  <Person>
    <FirstName>Дима</FirstName>
    <LastName>Валиков</LastName>
    <Grades>
      <int>1</int>
      <int>2</int>
      <int>1</int>
      <int>4</int>
      <int>2</int>
    </Grades>
 </Person>
<Person>
    <FirstName>Андрей</FirstName>
    <LastName>Рассамахин</LastName>
    <Grades>
      <int>4</int>
      <int>4</int>
      <int>4</int>
      <int>4</int>
      <int>4</int>
    </Grades>
  </Person>
<Person>
    <FirstName>Максим</FirstName>
    <LastName>Понамарев</LastName>
    <Grades>
      <int>5</int>
      <int>2</int>
      <int>5</int>
      <int>2</int>
      <int>5</int>
    </Grades>
  </Person>
</ArrayOfPerson>